﻿{"cameraMode":{"drawMode":0,"name":"Shaded","section":"Shading Mode"},"sceneLighting":true,"audioPlay":false,"sceneViewState":{"showFog":true,"showMaterialUpdate":false,"showSkybox":true,"showFlares":true,"showImageEffects":true,"showParticleSystems":true},"in2DMode":false,"pivot":{"x":29.59233856201172,"y":2.8893532752990724,"z":-3.2576916217803957},"rotation":{"x":-0.11999336630105972,"y":-0.38874244689941409,"z":0.051141638308763507,"w":-0.912071704864502},"size":2.0190012454986574,"orthographic":false}