INV_ID,PROJ_ID,INV_Amount,INV_IssueDate,INV_DueDate,TAXRATE_ID
1,7,717.97,7/20/2019,1/24/2020,24
2,19,74.29,8/28/2019,10/27/2020,26
3,3,709.69,2/18/2019,3/20/2020,15
4,6,156.31,12/2/2018,12/18/2019,17
5,11,710.64,9/2/2019,6/6/2020,13
6,6,240.81,1/18/2019,10/17/2020,30
7,17,422.66,4/28/2019,9/2/2020,30
8,9,280.32,1/31/2019,5/29/2020,24
9,3,474.91,10/25/2019,2/25/2020,14
10,14,490.73,7/2/2019,8/10/2020,16
11,7,771.0,8/15/2019,10/12/2020,19
12,15,190.79,5/1/2019,9/9/2020,9
13,17,75.41,4/23/2019,1/27/2020,8
14,1,244.99,9/17/2019,11/3/2020,4
15,2,307.59,4/22/2019,8/7/2020,22
16,6,511.6,12/9/2018,10/7/2020,24
17,8,356.24,8/7/2019,8/26/2020,18
18,4,173.54,4/15/2019,10/21/2020,9
19,15,207.1,10/8/2019,8/1/2020,30
20,19,606.06,8/3/2019,2/18/2020,22
21,16,633.65,8/1/2019,2/17/2020,20
22,19,122.33,5/19/2019,11/3/2020,24
23,11,277.15,4/7/2019,12/5/2019,23
24,4,44.07,6/21/2019,3/27/2020,15
25,15,258.49,11/16/2018,12/16/2019,3
26,9,464.08,1/3/2019,11/30/2019,1
27,5,179.59,10/27/2019,12/12/2019,11
28,16,756.65,5/8/2019,9/7/2020,21
29,19,751.66,9/19/2019,5/23/2020,21
30,6,513.52,8/15/2019,7/27/2020,22
31,17,274.82,11/9/2019,2/22/2020,26
32,19,184.8,10/9/2019,2/19/2020,6
33,2,138.2,4/21/2019,9/14/2020,3
34,12,159.74,10/22/2019,2/6/2020,2
35,15,694.7,8/10/2019,3/16/2020,19
36,20,584.7,9/25/2019,9/8/2020,4
37,17,734.74,1/5/2019,10/29/2020,23
38,17,245.69,6/21/2019,8/31/2020,20
39,12,223.03,4/24/2019,12/3/2019,2
40,2,779.3,11/25/2018,11/4/2020,15
41,4,726.92,8/4/2019,12/16/2019,27
42,3,405.06,5/4/2019,11/14/2019,24
43,9,349.07,6/5/2019,2/19/2020,10
44,8,531.19,2/10/2019,9/19/2020,24
45,8,543.56,10/6/2019,4/12/2020,26
46,20,237.1,8/28/2019,1/2/2020,1
47,15,192.29,10/7/2019,7/30/2020,19
48,4,43.14,6/21/2019,11/20/2019,22
49,12,673.4,9/19/2019,3/28/2020,17
50,12,414.78,1/13/2019,5/28/2020,4
51,16,179.38,12/17/2018,9/19/2020,5
52,14,564.48,10/25/2019,1/3/2020,25
53,6,54.61,5/14/2019,3/9/2020,25
54,18,340.95,6/30/2019,12/5/2019,2
55,10,728.35,8/17/2019,2/29/2020,1
56,9,248.21,2/21/2019,7/25/2020,5
57,13,494.86,3/3/2019,10/20/2020,30
58,17,7.09,6/14/2019,6/10/2020,14
59,9,753.97,10/5/2019,6/23/2020,1
60,20,273.84,5/2/2019,10/16/2020,14
61,13,528.52,8/10/2019,3/14/2020,19
62,20,697.25,5/26/2019,6/26/2020,7
63,12,763.65,8/13/2019,10/26/2020,2
64,20,431.24,10/9/2019,8/17/2020,27
65,3,393.16,8/13/2019,2/23/2020,1
66,9,614.73,12/21/2018,6/6/2020,29
67,9,180.84,11/12/2018,1/12/2020,3
68,18,795.77,11/5/2019,1/26/2020,18
69,11,684.0,5/13/2019,3/2/2020,4
70,12,709.57,2/17/2019,11/10/2020,1
71,10,576.93,11/3/2019,11/8/2020,2
72,19,425.19,4/28/2019,10/23/2020,4
73,5,288.68,4/5/2019,4/28/2020,8
74,6,648.33,1/16/2019,6/19/2020,28
75,4,307.79,1/14/2019,7/2/2020,9
76,13,719.13,9/26/2019,3/4/2020,25
77,13,378.3,2/17/2019,10/14/2020,14
78,17,261.2,11/10/2019,4/13/2020,12
79,18,492.33,10/27/2019,7/19/2020,26
80,3,563.01,7/29/2019,8/25/2020,3
81,9,538.0,7/6/2019,1/28/2020,28
82,1,628.11,1/30/2019,9/7/2020,5
83,3,293.44,10/30/2019,1/3/2020,12
84,13,636.57,12/3/2018,12/11/2019,5
85,20,582.96,7/27/2019,8/6/2020,12
86,4,204.93,2/8/2019,9/1/2020,19
87,8,568.4,12/28/2018,10/17/2020,6
88,14,45.86,1/12/2019,12/4/2019,12
89,10,429.16,5/3/2019,10/28/2020,22
90,10,465.7,3/16/2019,9/12/2020,1
91,16,480.92,5/20/2019,1/13/2020,1
92,1,344.04,4/15/2019,4/6/2020,7
93,16,194.54,4/4/2019,7/24/2020,23
94,17,144.47,4/27/2019,3/27/2020,30
95,9,145.85,6/17/2019,9/15/2020,26
96,16,473.01,6/7/2019,7/27/2020,4
97,4,732.05,4/17/2019,3/16/2020,17
98,6,70.33,1/19/2019,6/7/2020,11
99,8,444.82,4/24/2019,4/4/2020,30
100,6,212.89,3/30/2019,8/11/2020,19
101,20,764.36,4/30/2019,2/8/2020,24
102,2,42.12,1/17/2019,12/28/2019,18
103,2,354.72,9/20/2019,1/10/2020,30
104,5,498.01,4/12/2019,3/22/2020,16
105,14,239.54,8/9/2019,7/28/2020,21
106,18,126.96,4/16/2019,5/27/2020,10
107,3,220.32,5/12/2019,7/2/2020,19
108,4,7.56,9/24/2019,2/28/2020,23
109,16,160.08,7/24/2019,9/2/2020,26
110,2,74.3,2/5/2019,6/25/2020,6
111,19,177.19,12/8/2018,5/7/2020,30
112,4,695.29,12/2/2018,12/26/2019,16
113,5,29.2,2/2/2019,9/30/2020,14
114,3,657.44,6/10/2019,12/8/2019,26
115,7,502.54,11/13/2018,7/26/2020,27
116,8,664.76,1/26/2019,1/26/2020,15
117,4,154.63,4/1/2019,11/11/2020,12
118,14,446.22,2/8/2019,3/13/2020,8
119,11,564.47,7/21/2019,8/23/2020,1
120,7,356.78,10/27/2019,4/28/2020,4
121,7,337.89,4/3/2019,5/17/2020,22
122,18,546.99,11/2/2019,1/30/2020,1
123,13,39.34,8/27/2019,8/14/2020,18
124,4,316.78,3/11/2019,10/19/2020,29
125,6,745.39,9/16/2019,11/13/2019,9
126,2,735.93,9/17/2019,9/13/2020,20
127,8,528.89,12/14/2018,8/9/2020,19
128,4,697.58,12/4/2018,4/8/2020,13
129,10,129.96,11/25/2018,9/14/2020,21
130,17,634.49,8/13/2019,7/20/2020,9
131,3,237.65,12/15/2018,4/20/2020,30
132,12,322.38,2/25/2019,8/5/2020,7
133,2,444.32,4/13/2019,7/24/2020,14
134,14,597.38,12/21/2018,1/30/2020,25
135,2,691.95,3/16/2019,9/22/2020,16
136,13,288.33,3/11/2019,8/4/2020,3
137,16,388.66,12/1/2018,7/22/2020,20
138,16,46.11,8/29/2019,10/17/2020,27
139,9,635.7,8/10/2019,4/22/2020,25
140,8,556.28,12/31/2018,6/16/2020,19
141,16,89.03,10/16/2019,4/25/2020,28
142,15,610.26,7/9/2019,10/19/2020,6
143,14,786.83,9/1/2019,1/1/2020,21
144,16,512.83,5/15/2019,7/30/2020,18
145,20,373.88,8/18/2019,3/8/2020,6
146,3,505.83,4/27/2019,8/4/2020,8
147,13,103.11,1/5/2019,6/9/2020,18
148,3,617.91,9/11/2019,12/4/2019,28
149,12,486.62,2/14/2019,1/6/2020,22
150,16,224.22,11/21/2018,12/23/2019,4
151,10,544.69,10/24/2019,9/16/2020,3
152,16,132.14,8/30/2019,4/19/2020,26
153,11,496.91,2/13/2019,4/30/2020,11
154,14,134.39,7/12/2019,3/2/2020,8
155,17,560.16,3/19/2019,3/7/2020,13
156,1,770.86,12/21/2018,2/20/2020,7
157,3,527.95,10/27/2019,9/16/2020,1
158,13,524.13,1/22/2019,12/5/2019,3
159,3,150.61,5/23/2019,12/2/2019,1
160,4,558.74,11/14/2018,8/14/2020,1
161,12,594.91,2/23/2019,2/27/2020,14
162,17,62.73,6/1/2019,12/15/2019,8
163,5,514.24,5/23/2019,4/16/2020,28
164,3,568.72,10/12/2019,7/7/2020,18
165,6,790.04,2/4/2019,8/19/2020,9
166,2,148.75,10/23/2019,11/8/2020,9
167,1,448.02,12/29/2018,6/3/2020,22
168,12,42.35,11/11/2019,11/16/2019,4
169,13,467.29,9/4/2019,9/29/2020,24
170,12,555.55,12/1/2018,3/10/2020,18
171,4,165.09,6/13/2019,2/1/2020,17
172,3,154.82,9/20/2019,2/6/2020,29
173,5,604.58,10/19/2019,10/18/2020,5
174,18,18.16,12/4/2018,7/18/2020,28
175,2,408.46,7/25/2019,3/23/2020,30
176,6,623.05,5/11/2019,12/14/2019,12
177,19,315.31,12/30/2018,3/30/2020,21
178,13,407.65,5/8/2019,9/12/2020,30
179,12,490.03,5/19/2019,4/30/2020,8
180,7,497.93,1/30/2019,2/6/2020,24
181,11,624.01,12/1/2018,1/12/2020,4
182,16,768.63,9/13/2019,1/14/2020,12
183,11,700.09,3/27/2019,12/2/2019,13
184,4,174.82,1/15/2019,12/6/2019,11
185,12,52.29,9/17/2019,12/12/2019,8
186,9,535.34,6/7/2019,8/30/2020,6
187,14,166.17,7/26/2019,3/27/2020,22
188,15,195.57,2/21/2019,8/25/2020,16
189,15,114.65,10/10/2019,3/4/2020,24
190,12,601.84,6/8/2019,6/18/2020,10
191,13,671.88,1/9/2019,3/12/2020,23
192,16,573.53,2/11/2019,7/25/2020,18
193,2,89.12,8/1/2019,8/10/2020,27
194,15,482.76,8/11/2019,8/1/2020,14
195,15,48.95,9/4/2019,2/11/2020,4
196,20,579.81,4/20/2019,3/14/2020,8
197,8,140.46,8/13/2019,7/23/2020,6
198,18,290.64,1/14/2019,4/16/2020,30
199,19,755.55,3/30/2019,7/19/2020,26
200,4,490.04,3/3/2019,10/5/2020,15
201,18,649.74,4/7/2019,3/6/2020,29
202,18,142.5,10/9/2019,7/29/2020,13
203,12,414.15,10/7/2019,8/16/2020,17
204,19,37.82,2/10/2019,2/22/2020,6
205,18,513.01,1/17/2019,12/25/2019,30
206,19,544.28,5/31/2019,8/30/2020,2
207,13,74.86,11/23/2018,3/27/2020,26
208,8,27.37,11/2/2019,4/29/2020,20
209,4,489.91,5/14/2019,6/22/2020,12
210,5,454.79,2/14/2019,9/27/2020,1
211,1,191.51,1/24/2019,1/16/2020,14
212,9,452.37,7/20/2019,5/11/2020,13
213,18,561.7,1/29/2019,7/29/2020,27
214,2,612.46,5/28/2019,8/7/2020,26
215,4,768.97,6/20/2019,1/25/2020,9
216,4,136.23,6/25/2019,4/1/2020,9
217,14,119.83,10/1/2019,4/10/2020,22
218,13,792.82,5/26/2019,11/30/2019,15
219,5,364.38,2/25/2019,3/15/2020,29
220,11,295.39,1/29/2019,3/16/2020,8
221,15,749.2,3/19/2019,2/15/2020,24
222,2,287.95,7/7/2019,9/15/2020,18
223,10,756.27,12/15/2018,6/4/2020,14
224,8,483.03,6/12/2019,9/18/2020,13
225,12,4.61,4/2/2019,9/25/2020,14
226,20,138.9,7/3/2019,5/29/2020,10
227,17,452.91,9/21/2019,2/1/2020,11
228,18,133.9,10/29/2019,7/5/2020,4
229,10,104.18,8/4/2019,10/23/2020,3
230,10,405.01,12/23/2018,1/13/2020,5
231,2,402.95,12/27/2018,5/27/2020,20
232,10,117.92,8/12/2019,9/9/2020,1
233,10,736.64,9/22/2019,1/24/2020,14
234,18,396.61,3/28/2019,11/27/2019,19
235,10,445.09,11/10/2019,11/24/2019,29
236,16,605.44,10/30/2019,7/3/2020,9
237,20,48.45,1/22/2019,12/14/2019,19
238,5,150.9,12/3/2018,9/28/2020,15
239,18,113.88,9/4/2019,3/27/2020,4
240,4,338.51,6/22/2019,5/15/2020,5
241,20,79.11,11/19/2018,5/23/2020,21
242,17,381.35,2/16/2019,10/21/2020,15
243,10,109.27,8/16/2019,2/17/2020,4
244,14,207.41,2/9/2019,5/27/2020,30
245,1,750.36,1/30/2019,2/12/2020,18
246,7,137.37,3/13/2019,3/25/2020,7
247,20,305.46,11/22/2018,5/26/2020,6
248,15,393.47,3/4/2019,5/26/2020,9
249,7,752.98,3/3/2019,6/20/2020,18
250,18,279.36,10/26/2019,12/18/2019,25
251,12,143.75,6/4/2019,8/12/2020,2
252,2,376.37,10/4/2019,2/16/2020,30
253,12,48.16,7/19/2019,2/12/2020,27
254,10,796.03,1/10/2019,5/29/2020,9
255,20,533.85,7/31/2019,10/11/2020,13
256,9,234.02,8/30/2019,7/14/2020,16
257,14,535.33,4/27/2019,4/18/2020,28
258,12,160.86,6/4/2019,9/1/2020,12
259,4,711.24,1/5/2019,8/29/2020,26
260,6,523.09,7/16/2019,3/25/2020,15
261,7,628.84,12/7/2018,6/19/2020,8
262,15,280.65,1/24/2019,10/24/2020,21
263,20,674.14,2/14/2019,9/3/2020,13
264,18,398.75,10/2/2019,9/16/2020,2
265,8,336.71,10/22/2019,2/1/2020,12
266,13,447.37,8/25/2019,9/27/2020,22
267,19,248.51,12/28/2018,5/11/2020,21
268,2,598.99,12/30/2018,6/7/2020,26
269,7,516.28,5/9/2019,10/8/2020,16
270,3,709.82,12/12/2018,10/31/2020,3
271,19,272.03,2/14/2019,2/1/2020,27
272,12,568.57,6/6/2019,11/25/2019,21
273,1,703.72,7/19/2019,2/14/2020,21
274,10,82.82,10/29/2019,9/2/2020,11
275,6,787.29,8/10/2019,11/22/2019,21
276,16,359.95,12/31/2018,10/13/2020,13
277,13,186.19,3/9/2019,9/6/2020,6
278,12,762.75,6/5/2019,12/25/2019,29
279,6,334.02,3/18/2019,8/6/2020,19
280,20,29.65,10/21/2019,6/17/2020,20
281,14,33.83,7/16/2019,7/24/2020,13
282,17,606.51,8/12/2019,3/15/2020,24
283,2,635.82,10/17/2019,10/20/2020,11
284,8,236.71,4/27/2019,8/2/2020,13
285,6,26.77,3/3/2019,4/15/2020,2
286,7,763.49,8/8/2019,2/4/2020,9
287,5,640.44,9/20/2019,1/9/2020,30
288,13,81.85,6/11/2019,11/21/2019,30
289,7,418.13,5/1/2019,12/7/2019,27
290,7,778.91,8/18/2019,11/19/2019,21
291,13,52.84,6/18/2019,2/8/2020,7
292,18,196.57,11/22/2018,7/11/2020,8
293,9,729.56,6/26/2019,7/9/2020,11
294,15,446.6,10/8/2019,1/20/2020,8
295,1,577.95,10/11/2019,4/30/2020,30
296,17,97.57,4/6/2019,3/19/2020,29
297,12,348.26,5/5/2019,9/19/2020,27
298,5,93.04,3/13/2019,12/10/2019,25
299,6,434.45,2/17/2019,4/24/2020,5
300,1,75.81,10/21/2019,7/7/2020,1
301,12,290.76,8/20/2019,2/26/2020,23
302,20,615.37,9/6/2019,9/1/2020,4
303,7,385.73,11/9/2019,9/18/2020,25
304,11,616.1,1/16/2019,6/18/2020,10
305,14,752.33,9/26/2019,5/28/2020,29
306,13,17.33,4/13/2019,3/27/2020,21
307,14,453.96,5/5/2019,8/26/2020,26
308,19,211.68,8/9/2019,9/25/2020,5
309,16,533.04,6/23/2019,2/2/2020,25
310,17,402.38,9/23/2019,4/5/2020,5
311,20,635.81,1/8/2019,7/23/2020,16
312,5,471.41,9/26/2019,7/13/2020,28
313,14,77.95,1/27/2019,6/10/2020,21
314,18,587.89,8/29/2019,1/11/2020,11
315,7,787.66,6/28/2019,7/11/2020,28
316,8,484.9,10/2/2019,12/5/2019,5
317,18,351.14,6/20/2019,3/24/2020,25
318,10,169.03,10/4/2019,2/9/2020,23
319,11,83.83,1/14/2019,6/15/2020,22
320,11,571.71,4/17/2019,1/16/2020,21
321,8,369.25,11/27/2018,5/31/2020,7
322,4,651.67,5/22/2019,4/28/2020,13
323,8,448.19,4/1/2019,1/23/2020,15
324,18,653.61,12/6/2018,1/24/2020,13
325,16,98.51,10/8/2019,4/16/2020,23
326,15,47.06,9/21/2019,11/2/2020,28
327,12,274.57,5/5/2019,10/28/2020,20
328,19,690.93,10/14/2019,4/4/2020,30
329,19,421.41,12/19/2018,11/10/2020,15
330,9,173.77,1/25/2019,7/11/2020,14
331,11,609.5,4/6/2019,7/29/2020,28
332,20,508.47,12/3/2018,4/18/2020,7
333,20,14.06,11/10/2019,12/7/2019,19
334,15,303.03,9/23/2019,3/7/2020,27
335,6,741.55,3/21/2019,10/1/2020,14
336,7,144.45,2/22/2019,7/17/2020,9
337,2,277.11,10/27/2019,2/21/2020,12
338,2,675.73,6/24/2019,5/19/2020,26
339,3,327.63,8/14/2019,12/30/2019,6
340,14,55.48,2/7/2019,2/2/2020,9
341,14,479.71,4/20/2019,2/28/2020,10
342,9,213.76,10/7/2019,10/22/2020,18
343,19,140.72,8/10/2019,7/5/2020,27
344,13,148.72,9/23/2019,2/21/2020,28
345,13,754.49,1/11/2019,1/28/2020,23
346,13,139.36,2/17/2019,6/28/2020,12
347,4,394.58,4/17/2019,5/26/2020,16
348,9,371.52,2/26/2019,9/14/2020,9
349,10,772.49,5/7/2019,5/13/2020,18
350,18,355.2,4/17/2019,10/22/2020,23
351,13,321.03,2/20/2019,11/9/2020,14
352,10,654.4,11/19/2018,2/22/2020,30
353,19,115.55,10/9/2019,10/27/2020,24
354,13,76.05,2/1/2019,12/4/2019,10
355,9,339.52,5/27/2019,9/1/2020,16
356,13,165.21,11/26/2018,1/1/2020,16
357,11,474.01,5/20/2019,1/8/2020,13
358,9,412.63,5/16/2019,5/15/2020,9
359,19,354.62,6/8/2019,3/28/2020,8
360,4,214.69,9/11/2019,7/5/2020,22
361,9,431.78,10/23/2019,5/29/2020,4
362,8,382.03,7/18/2019,8/9/2020,6
363,20,560.86,3/17/2019,7/31/2020,23
364,10,583.08,5/1/2019,4/19/2020,24
365,17,590.65,5/24/2019,12/5/2019,14
366,5,658.65,3/3/2019,8/1/2020,30
367,15,602.78,7/15/2019,9/3/2020,22
368,16,620.75,12/19/2018,3/2/2020,6
369,2,571.82,9/19/2019,12/12/2019,21
370,14,606.08,10/29/2019,7/10/2020,2
371,20,259.12,5/28/2019,4/24/2020,3
372,7,198.09,8/18/2019,4/17/2020,14
373,7,593.69,1/3/2019,5/20/2020,7
374,10,208.89,12/5/2018,3/17/2020,25
375,5,259.48,6/23/2019,9/9/2020,17
376,12,75.37,12/30/2018,4/14/2020,16
377,19,125.09,11/21/2018,8/5/2020,5
378,18,563.69,6/3/2019,5/28/2020,10
379,9,625.94,7/12/2019,6/15/2020,2
380,2,29.55,9/5/2019,2/23/2020,6
381,4,644.89,4/2/2019,4/15/2020,18
382,12,187.63,8/31/2019,3/31/2020,6
383,9,792.29,11/14/2018,7/28/2020,17
384,4,506.19,1/26/2019,1/14/2020,25
385,14,40.74,10/28/2019,6/19/2020,16
386,9,176.87,6/2/2019,4/26/2020,6
387,5,442.15,8/31/2019,5/9/2020,23
388,9,660.88,9/1/2019,12/24/2019,3
389,20,17.52,11/20/2018,2/1/2020,21
390,7,421.63,7/24/2019,3/2/2020,14
391,4,252.24,12/1/2018,8/16/2020,17
392,3,58.07,6/2/2019,5/16/2020,9
393,17,374.88,3/27/2019,12/13/2019,10
394,4,404.44,7/9/2019,9/4/2020,20
395,2,676.19,4/18/2019,9/10/2020,24
396,1,113.25,10/15/2019,3/12/2020,18
397,11,314.24,5/8/2019,11/24/2019,26
398,7,167.31,1/26/2019,1/8/2020,5
399,7,680.93,1/1/2019,10/30/2020,5
400,4,91.87,11/22/2018,10/1/2020,15
401,5,500.5,12/12/2018,7/23/2020,9
402,1,318.95,5/8/2019,9/16/2020,5
403,14,368.34,9/12/2019,10/10/2020,30
404,13,210.68,10/14/2019,12/3/2019,8
405,9,214.51,8/9/2019,6/21/2020,30
406,2,179.12,6/12/2019,4/12/2020,6
407,1,397.44,1/1/2019,4/1/2020,20
408,17,763.32,11/14/2018,5/16/2020,11
409,11,549.83,7/11/2019,10/21/2020,9
410,20,761.15,4/1/2019,4/18/2020,5
411,18,196.11,11/29/2018,10/8/2020,8
412,7,429.54,1/17/2019,9/7/2020,6
413,20,88.01,5/2/2019,3/28/2020,24
414,9,673.16,10/18/2019,1/29/2020,22
415,12,662.85,8/11/2019,3/10/2020,12
416,11,118.7,10/22/2019,10/8/2020,8
417,18,168.78,6/29/2019,8/30/2020,19
418,12,690.95,6/3/2019,10/20/2020,11
419,11,483.38,7/3/2019,11/22/2019,23
420,14,518.26,7/14/2019,3/4/2020,10
421,14,151.77,2/2/2019,4/14/2020,6
422,14,660.63,12/9/2018,11/4/2020,29
423,2,222.07,6/29/2019,10/27/2020,21
424,10,333.51,3/18/2019,4/15/2020,29
425,20,644.64,12/7/2018,2/1/2020,26
426,17,382.0,3/28/2019,4/26/2020,5
427,20,103.5,8/12/2019,1/18/2020,27
428,7,582.37,2/2/2019,9/3/2020,29
429,11,475.34,12/11/2018,7/31/2020,18
430,2,622.99,3/19/2019,5/10/2020,25
431,2,499.61,6/14/2019,6/13/2020,16
432,5,377.64,6/5/2019,9/14/2020,25
433,13,302.13,7/12/2019,5/21/2020,16
434,12,284.03,3/24/2019,4/17/2020,19
435,12,139.13,6/13/2019,11/18/2019,9
436,16,197.38,5/6/2019,12/3/2019,19
437,8,252.11,11/29/2018,7/14/2020,26
438,5,649.66,10/4/2019,4/10/2020,5
439,11,455.8,9/11/2019,1/13/2020,25
440,12,8.05,12/1/2018,8/2/2020,4
441,5,231.66,6/6/2019,2/14/2020,23
442,6,757.85,5/21/2019,1/24/2020,23
443,17,298.25,11/18/2018,12/14/2019,19
444,7,83.35,6/27/2019,7/6/2020,13
445,10,747.01,10/30/2019,7/11/2020,12
446,13,436.56,3/21/2019,7/6/2020,21
447,5,220.12,10/17/2019,4/12/2020,23
448,15,720.58,9/27/2019,9/30/2020,22
449,2,77.99,5/26/2019,12/23/2019,19
450,15,90.91,12/6/2018,2/18/2020,24
451,10,614.93,6/27/2019,4/13/2020,13
452,2,450.46,11/10/2019,11/15/2019,17
453,5,678.89,9/15/2019,5/2/2020,11
454,1,387.34,12/4/2018,10/5/2020,28
455,10,212.59,5/18/2019,5/20/2020,11
456,13,235.02,3/12/2019,11/1/2020,9
457,8,74.91,5/14/2019,3/6/2020,25
458,18,133.34,8/18/2019,3/26/2020,10
459,4,474.24,4/13/2019,10/29/2020,25
460,15,220.75,10/28/2019,1/30/2020,24
461,10,15.51,3/2/2019,1/29/2020,11
462,16,430.89,5/28/2019,2/26/2020,6
463,5,730.22,1/30/2019,11/8/2020,4
464,4,471.74,4/9/2019,10/19/2020,28
465,17,486.17,2/7/2019,5/3/2020,18
466,3,8.0,12/18/2018,12/27/2019,15
467,18,746.69,1/30/2019,11/17/2019,23
468,19,465.36,11/21/2018,4/7/2020,1
469,6,223.24,1/11/2019,5/12/2020,14
470,2,80.58,6/16/2019,10/13/2020,5
471,19,338.36,3/12/2019,7/5/2020,13
472,2,265.99,1/26/2019,5/31/2020,28
473,3,747.74,2/3/2019,9/21/2020,3
474,19,172.43,10/4/2019,7/17/2020,2
475,9,376.7,10/18/2019,7/27/2020,2
476,15,231.15,7/10/2019,3/26/2020,12
477,16,592.2,12/15/2018,10/31/2020,3
478,9,595.81,3/23/2019,8/9/2020,22
479,8,283.92,9/15/2019,7/12/2020,19
480,12,552.67,7/8/2019,5/2/2020,7
481,14,220.23,7/26/2019,2/17/2020,7
482,18,357.97,3/15/2019,9/22/2020,24
483,6,181.05,3/16/2019,9/1/2020,27
484,14,742.47,10/7/2019,3/13/2020,9
485,15,450.7,9/23/2019,3/5/2020,14
486,2,492.09,12/31/2018,9/20/2020,20
487,20,632.99,1/5/2019,4/14/2020,11
488,15,792.71,5/4/2019,2/13/2020,15
489,16,156.79,8/31/2019,4/4/2020,2
490,4,268.5,5/18/2019,7/17/2020,3
491,13,286.41,5/8/2019,4/3/2020,29
492,5,693.67,11/29/2018,4/8/2020,22
493,4,793.56,4/28/2019,5/22/2020,13
494,13,51.39,5/13/2019,4/23/2020,24
495,9,36.53,3/6/2019,11/26/2019,8
496,18,661.72,5/4/2019,8/1/2020,10
497,10,194.83,4/11/2019,12/23/2019,16
498,8,605.77,7/19/2019,10/11/2020,30
499,17,738.24,5/10/2019,7/15/2020,27
500,2,416.86,2/20/2019,2/2/2020,21
501,19,744.69,6/9/2019,8/12/2020,23
502,3,163.38,2/22/2019,11/15/2019,2
503,11,357.6,3/27/2019,10/6/2020,19
504,17,374.07,12/4/2018,2/8/2020,17
505,15,430.99,2/3/2019,7/19/2020,13
506,15,246.11,6/19/2019,8/12/2020,1
507,20,636.19,4/4/2019,8/31/2020,11
508,17,247.85,6/9/2019,6/12/2020,2
509,4,379.09,7/21/2019,5/24/2020,12
510,13,675.99,5/3/2019,4/20/2020,8
511,6,286.74,9/8/2019,8/5/2020,19
512,15,164.12,5/12/2019,9/12/2020,9
513,16,723.45,2/6/2019,8/24/2020,10
514,13,399.44,10/29/2019,9/8/2020,20
515,8,778.81,8/31/2019,12/18/2019,29
516,14,274.55,3/25/2019,1/20/2020,24
517,15,563.84,5/4/2019,6/26/2020,27
518,4,78.45,7/24/2019,1/24/2020,27
519,6,528.43,10/29/2019,11/23/2019,13
520,6,76.34,7/17/2019,4/12/2020,15
521,11,323.4,3/15/2019,5/11/2020,12
522,8,494.75,11/7/2019,2/21/2020,1
523,10,363.41,4/21/2019,12/29/2019,19
524,2,372.89,9/5/2019,7/12/2020,1
525,17,395.31,5/16/2019,8/16/2020,28
526,1,315.44,11/30/2018,12/24/2019,6
527,3,510.06,7/19/2019,9/26/2020,17
528,11,2.86,3/30/2019,8/13/2020,26
529,16,353.13,7/24/2019,3/27/2020,30
530,19,235.39,4/11/2019,4/6/2020,15
531,8,284.04,3/14/2019,6/25/2020,28
532,8,119.55,8/8/2019,1/15/2020,9
533,17,93.4,1/23/2019,5/21/2020,29
534,7,36.42,8/12/2019,1/26/2020,13
535,4,510.28,11/11/2019,1/21/2020,27
536,9,432.34,11/10/2019,10/27/2020,21
537,5,506.75,3/7/2019,7/27/2020,11
538,9,130.56,10/15/2019,7/26/2020,9
539,5,784.07,6/5/2019,7/11/2020,11
540,11,541.15,12/26/2018,12/9/2019,4
541,15,433.9,4/30/2019,2/24/2020,11
542,17,615.98,4/29/2019,1/9/2020,9
543,16,698.47,8/7/2019,4/25/2020,11
544,6,455.7,1/3/2019,2/10/2020,18
545,19,728.11,11/12/2018,11/7/2020,7
546,11,616.96,12/24/2018,4/25/2020,17
547,10,684.1,4/18/2019,2/7/2020,16
548,2,166.39,8/25/2019,11/14/2019,10
549,3,68.48,11/6/2019,10/10/2020,1
550,2,607.08,5/11/2019,7/28/2020,2
551,1,574.68,7/10/2019,9/22/2020,23
552,19,531.44,9/8/2019,11/14/2019,19
553,8,495.96,4/6/2019,11/3/2020,3
554,19,304.96,9/2/2019,7/24/2020,25
555,12,555.48,2/10/2019,9/6/2020,3
556,13,517.26,5/19/2019,8/24/2020,15
557,11,158.27,10/9/2019,9/23/2020,29
558,12,679.99,10/25/2019,7/27/2020,6
559,16,656.01,10/12/2019,3/9/2020,21
560,10,81.39,9/26/2019,9/23/2020,18
561,10,329.22,11/21/2018,7/12/2020,3
562,3,411.68,11/1/2019,9/3/2020,8
563,17,660.99,2/8/2019,8/19/2020,17
564,9,28.1,6/8/2019,1/22/2020,4
565,11,352.88,10/8/2019,4/16/2020,14
566,6,789.47,3/16/2019,6/16/2020,6
567,7,676.51,9/10/2019,1/4/2020,2
568,4,562.77,10/6/2019,5/1/2020,11
569,16,142.22,11/5/2019,9/11/2020,9
570,17,675.6,8/10/2019,11/30/2019,14
571,20,3.07,11/1/2019,2/28/2020,27
572,19,641.85,2/14/2019,12/13/2019,27
573,13,391.65,3/29/2019,5/10/2020,15
574,16,107.72,3/21/2019,5/14/2020,7
575,6,603.07,3/10/2019,1/3/2020,25
576,1,620.25,1/28/2019,9/4/2020,7
577,3,654.22,11/19/2018,4/19/2020,3
578,8,768.24,6/5/2019,11/25/2019,25
579,14,453.39,11/19/2018,5/2/2020,20
580,19,407.27,6/25/2019,6/12/2020,23
581,2,148.17,11/27/2018,7/4/2020,11
582,14,97.68,12/24/2018,1/26/2020,12
583,8,670.61,8/22/2019,9/29/2020,1
584,17,318.72,7/10/2019,3/5/2020,28
585,13,232.51,11/28/2018,12/12/2019,9
586,18,153.76,8/27/2019,4/29/2020,20
587,6,81.49,12/8/2018,3/19/2020,2
588,17,735.75,11/25/2018,8/13/2020,29
589,15,69.1,3/20/2019,3/17/2020,28
590,6,702.8,10/3/2019,11/7/2020,22
591,1,773.65,1/17/2019,9/23/2020,14
592,4,669.04,8/18/2019,1/27/2020,1
593,7,153.72,12/28/2018,4/8/2020,5
594,6,536.46,9/1/2019,5/7/2020,28
595,14,475.69,7/28/2019,5/9/2020,1
596,8,232.82,3/5/2019,11/22/2019,17
597,15,401.06,3/18/2019,3/25/2020,23
598,4,552.19,6/4/2019,7/22/2020,15
599,7,10.25,1/9/2019,5/31/2020,1
600,17,339.23,3/7/2019,11/21/2019,25
601,9,210.6,7/12/2019,1/1/2020,13
602,14,369.62,6/2/2019,2/10/2020,24
603,5,643.4,6/30/2019,8/7/2020,20
604,2,41.25,9/22/2019,11/10/2020,16
605,2,692.6,6/9/2019,8/11/2020,15
606,20,309.5,1/7/2019,12/31/2019,9
607,3,619.77,1/29/2019,4/20/2020,3
608,3,122.03,7/3/2019,11/5/2020,19
609,13,317.51,3/5/2019,12/30/2019,6
610,4,151.03,8/6/2019,3/27/2020,22
611,16,403.26,9/21/2019,12/26/2019,13
612,16,303.35,6/12/2019,12/21/2019,23
613,9,463.28,9/5/2019,5/12/2020,18
614,5,359.82,6/20/2019,6/6/2020,4
615,17,609.8,2/19/2019,10/4/2020,8
616,1,406.51,11/26/2018,2/26/2020,15
617,18,68.42,6/16/2019,7/30/2020,28
618,11,358.02,9/26/2019,1/12/2020,19
619,19,349.45,12/13/2018,11/17/2019,22
620,12,13.31,12/16/2018,10/3/2020,28
621,9,466.52,7/13/2019,10/2/2020,1
622,18,406.86,1/31/2019,1/16/2020,4
623,9,777.75,10/19/2019,10/9/2020,23
624,2,619.98,8/30/2019,4/13/2020,8
625,15,290.42,9/11/2019,7/12/2020,2
626,10,117.52,2/14/2019,1/3/2020,25
627,8,769.46,5/25/2019,5/12/2020,15
628,6,4.8,12/16/2018,10/9/2020,6
629,18,398.26,5/4/2019,9/5/2020,10
630,19,413.95,12/10/2018,8/23/2020,21
631,6,224.56,5/22/2019,7/25/2020,12
632,13,454.43,3/12/2019,6/27/2020,22
633,15,224.84,12/1/2018,10/16/2020,6
634,3,680.38,8/14/2019,6/1/2020,27
635,20,276.18,11/23/2018,5/2/2020,15
636,20,622.58,11/23/2018,10/19/2020,21
637,12,80.52,4/22/2019,1/7/2020,6
638,13,567.39,9/22/2019,9/16/2020,5
639,1,605.32,6/7/2019,12/23/2019,22
640,12,592.81,12/11/2018,1/28/2020,29
641,13,665.59,4/13/2019,3/17/2020,27
642,20,60.85,8/10/2019,7/9/2020,24
643,19,507.9,5/21/2019,6/26/2020,4
644,7,532.49,11/8/2019,1/22/2020,16
645,8,46.68,3/20/2019,9/11/2020,30
646,3,501.12,7/29/2019,8/26/2020,18
647,11,82.49,5/25/2019,10/17/2020,6
648,19,330.34,10/16/2019,2/13/2020,7
649,9,292.39,9/11/2019,6/15/2020,27
650,16,577.12,5/24/2019,10/14/2020,21
651,18,552.34,5/27/2019,9/22/2020,29
652,14,289.48,3/20/2019,9/11/2020,2
653,1,682.33,11/11/2019,9/17/2020,4
654,9,163.09,2/16/2019,2/5/2020,4
655,8,211.55,1/8/2019,3/14/2020,12
656,13,459.56,11/27/2018,2/10/2020,25
657,19,166.07,4/18/2019,5/11/2020,16
658,5,725.0,8/30/2019,4/17/2020,19
659,14,528.58,11/24/2018,6/27/2020,8
660,2,35.48,8/18/2019,2/8/2020,7
661,15,356.83,7/14/2019,3/24/2020,17
662,9,632.87,10/24/2019,7/7/2020,30
663,17,1.55,2/4/2019,6/16/2020,19
664,12,269.08,4/28/2019,11/19/2019,1
665,8,244.66,10/9/2019,8/8/2020,26
666,19,219.34,3/24/2019,7/29/2020,25
667,20,222.58,4/3/2019,5/24/2020,22
668,20,353.13,6/3/2019,5/22/2020,22
669,14,456.5,10/6/2019,4/22/2020,19
670,2,337.58,12/19/2018,8/7/2020,19
671,1,769.58,7/8/2019,8/25/2020,23
672,16,615.99,1/6/2019,3/31/2020,27
673,13,659.8,4/28/2019,4/4/2020,25
674,19,331.01,4/11/2019,9/23/2020,4
675,5,761.55,3/18/2019,9/25/2020,14
676,19,162.93,7/11/2019,2/1/2020,24
677,4,612.61,9/14/2019,2/12/2020,15
678,2,562.81,10/3/2019,12/30/2019,1
679,13,43.62,3/3/2019,3/22/2020,12
680,1,635.8,10/21/2019,8/12/2020,2
681,11,210.16,10/17/2019,7/23/2020,21
682,9,394.11,11/6/2019,12/12/2019,14
683,5,361.38,5/21/2019,6/4/2020,17
684,9,44.28,3/19/2019,12/4/2019,5
685,8,766.2,9/11/2019,7/12/2020,10
686,13,135.68,10/3/2019,7/3/2020,11
687,5,715.67,9/19/2019,9/16/2020,16
688,15,69.92,2/2/2019,5/1/2020,25
689,16,651.78,4/14/2019,5/6/2020,26
690,4,507.47,3/23/2019,3/4/2020,23
691,12,784.24,3/13/2019,8/30/2020,7
692,1,3.91,4/4/2019,10/31/2020,6
693,13,267.76,12/4/2018,10/19/2020,2
694,17,205.18,9/29/2019,3/8/2020,15
695,4,713.61,5/11/2019,3/2/2020,27
696,15,578.97,3/1/2019,11/5/2020,12
697,1,422.0,8/2/2019,7/18/2020,2
698,20,707.99,5/10/2019,6/21/2020,6
699,14,275.91,9/10/2019,8/25/2020,9
700,15,438.96,9/4/2019,5/27/2020,9
701,20,14.96,3/19/2019,9/16/2020,26
702,2,176.29,4/2/2019,4/23/2020,19
703,15,399.62,8/17/2019,5/16/2020,10
704,4,509.43,1/9/2019,12/21/2019,13
705,2,249.2,6/15/2019,9/16/2020,2
706,9,444.79,7/11/2019,7/15/2020,24
707,3,67.01,5/2/2019,12/14/2019,28
708,20,11.62,12/29/2018,8/16/2020,11
709,2,654.1,10/27/2019,2/12/2020,29
710,16,407.32,2/2/2019,11/16/2019,21
711,2,525.23,11/1/2019,1/17/2020,27
712,15,473.51,5/12/2019,5/23/2020,25
713,18,358.54,12/7/2018,3/12/2020,14
714,14,189.88,9/23/2019,7/18/2020,14
715,20,548.23,3/12/2019,11/6/2020,21
716,13,49.8,8/16/2019,7/5/2020,28
717,1,267.86,1/28/2019,8/11/2020,23
718,7,459.27,10/30/2019,12/8/2019,5
719,10,795.27,2/28/2019,2/13/2020,23
720,10,119.17,3/18/2019,3/25/2020,1
721,5,733.23,8/29/2019,10/18/2020,10
722,9,599.44,10/31/2019,12/12/2019,6
723,9,60.85,11/26/2018,1/23/2020,18
724,5,277.66,4/13/2019,10/15/2020,30
725,12,282.23,7/20/2019,9/3/2020,16
726,19,215.08,5/27/2019,4/22/2020,11
727,2,418.79,3/30/2019,5/10/2020,8
728,10,399.38,2/21/2019,12/24/2019,30
729,1,272.14,11/23/2018,3/16/2020,26
730,13,750.42,3/13/2019,10/13/2020,27
731,19,249.75,1/17/2019,2/15/2020,18
732,8,720.39,8/26/2019,3/29/2020,27
733,17,446.22,11/26/2018,2/15/2020,6
734,2,662.08,6/30/2019,8/29/2020,2
735,16,481.61,5/18/2019,7/25/2020,23
736,6,682.77,8/21/2019,10/8/2020,15
737,19,489.57,10/31/2019,8/21/2020,26
738,15,176.92,6/12/2019,5/18/2020,6
739,17,102.78,3/17/2019,8/11/2020,24
740,4,464.15,9/15/2019,11/7/2020,3
741,17,787.97,8/29/2019,1/7/2020,26
742,9,213.75,11/22/2018,9/18/2020,2
743,13,799.73,11/15/2018,8/21/2020,4
744,6,272.07,4/21/2019,7/22/2020,6
745,17,650.01,1/19/2019,1/8/2020,28
746,17,584.04,11/22/2018,7/2/2020,27
747,13,672.49,7/26/2019,3/14/2020,18
748,13,761.94,2/28/2019,1/28/2020,2
749,6,717.42,12/1/2018,6/20/2020,26
750,12,536.71,1/26/2019,1/24/2020,12
751,14,43.69,3/15/2019,4/2/2020,17
752,8,482.51,6/27/2019,1/15/2020,24
753,9,581.32,1/28/2019,12/28/2019,8
754,18,613.58,3/19/2019,10/29/2020,9
755,8,686.28,12/2/2018,12/7/2019,11
756,13,683.78,1/15/2019,7/5/2020,17
757,13,211.46,2/18/2019,5/3/2020,26
758,18,4.46,11/2/2019,1/28/2020,24
759,4,41.5,11/21/2018,3/20/2020,18
760,1,367.37,2/8/2019,6/10/2020,19
761,16,367.12,1/29/2019,4/13/2020,5
762,5,255.74,7/5/2019,7/24/2020,9
763,5,131.29,8/29/2019,2/26/2020,27
764,10,521.26,10/29/2019,12/15/2019,19
765,2,104.14,7/7/2019,6/17/2020,22
766,7,458.99,10/17/2019,6/19/2020,28
767,1,2.72,11/11/2019,9/9/2020,9
768,16,783.56,9/30/2019,1/9/2020,22
769,4,314.5,3/4/2019,12/3/2019,25
770,10,666.59,1/25/2019,9/29/2020,7
771,1,444.79,12/24/2018,11/20/2019,18
772,13,124.2,12/29/2018,11/2/2020,18
773,14,332.36,3/13/2019,5/27/2020,3
774,19,677.38,3/14/2019,6/5/2020,15
775,20,281.54,10/14/2019,10/22/2020,8
776,16,247.91,9/9/2019,4/1/2020,28
777,19,659.77,8/7/2019,12/30/2019,27
778,1,383.0,7/27/2019,6/1/2020,29
779,6,734.51,2/14/2019,10/18/2020,16
780,6,169.06,6/15/2019,9/3/2020,14
781,1,206.87,4/17/2019,7/2/2020,16
782,4,75.77,8/28/2019,9/12/2020,23
783,6,631.42,10/23/2019,9/30/2020,17
784,17,716.74,12/25/2018,11/25/2019,3
785,8,79.19,6/1/2019,4/2/2020,25
786,8,707.25,7/10/2019,7/17/2020,2
787,7,578.92,8/3/2019,6/10/2020,5
788,15,113.94,3/13/2019,4/24/2020,16
789,12,284.4,8/10/2019,12/14/2019,17
790,2,666.82,3/14/2019,5/7/2020,8
791,8,348.71,4/28/2019,3/5/2020,14
792,8,122.32,9/17/2019,7/18/2020,10
793,2,161.62,6/22/2019,1/25/2020,2
794,10,663.43,10/21/2019,10/17/2020,18
795,15,749.98,7/12/2019,9/16/2020,10
796,15,414.89,11/20/2018,3/4/2020,18
797,7,226.37,7/9/2019,12/31/2019,15
798,5,670.46,12/3/2018,9/25/2020,16
799,3,252.03,1/31/2019,4/9/2020,2
800,3,64.61,1/22/2019,3/25/2020,19
801,1,719.35,8/19/2019,3/24/2020,20
802,18,246.44,6/14/2019,1/18/2020,21
803,8,482.71,10/19/2019,7/4/2020,5
804,3,302.15,9/28/2019,5/16/2020,14
805,20,109.41,2/20/2019,3/13/2020,12
806,5,766.38,5/12/2019,7/18/2020,15
807,7,109.62,3/25/2019,4/10/2020,25
808,7,127.79,8/23/2019,12/4/2019,29
809,17,293.6,1/25/2019,11/26/2019,6
810,1,440.16,3/19/2019,8/4/2020,3
811,11,735.79,10/5/2019,9/1/2020,12
812,6,688.83,6/25/2019,1/1/2020,28
813,8,80.73,6/9/2019,5/10/2020,27
814,14,17.3,6/15/2019,4/15/2020,19
815,9,284.79,3/2/2019,12/15/2019,27
816,18,252.55,12/30/2018,1/30/2020,5
817,11,365.49,7/16/2019,7/9/2020,3
818,1,281.19,8/18/2019,10/6/2020,7
819,6,422.74,8/19/2019,5/30/2020,26
820,19,412.65,9/18/2019,2/7/2020,30
821,2,740.68,10/8/2019,10/23/2020,15
822,13,379.64,6/27/2019,10/30/2020,23
823,5,495.05,7/17/2019,4/26/2020,2
824,17,344.74,2/16/2019,6/20/2020,12
825,14,703.81,1/20/2019,11/3/2020,25
826,16,406.45,1/24/2019,4/2/2020,8
827,18,92.05,9/19/2019,12/23/2019,25
828,15,108.01,4/27/2019,2/10/2020,7
829,18,669.94,12/10/2018,9/29/2020,19
830,2,683.97,4/11/2019,6/11/2020,8
831,16,663.08,4/22/2019,11/24/2019,28
832,15,654.05,1/9/2019,6/19/2020,28
833,12,610.65,8/9/2019,12/20/2019,30
834,7,63.12,3/20/2019,10/31/2020,23
835,1,354.94,6/5/2019,6/19/2020,22
836,20,388.48,4/8/2019,5/24/2020,5
837,3,257.69,5/11/2019,12/31/2019,9
838,14,150.74,5/31/2019,9/23/2020,21
839,2,600.11,8/12/2019,2/6/2020,17
840,20,562.18,5/20/2019,8/8/2020,9
841,17,475.94,11/14/2018,2/9/2020,23
842,15,431.04,2/4/2019,12/20/2019,24
843,4,558.28,11/6/2019,9/26/2020,12
844,17,609.64,8/20/2019,10/14/2020,2
845,13,648.51,12/9/2018,10/29/2020,27
846,9,121.25,8/29/2019,5/3/2020,4
847,11,213.94,3/30/2019,11/7/2020,4
848,7,135.48,2/1/2019,10/19/2020,20
849,9,473.1,8/23/2019,4/3/2020,12
850,20,500.17,3/25/2019,11/18/2019,28
851,9,39.39,8/11/2019,11/15/2019,28
852,3,58.88,6/29/2019,10/22/2020,23
853,3,430.28,10/1/2019,7/6/2020,17
854,14,286.82,4/19/2019,5/31/2020,21
855,15,510.2,9/8/2019,6/6/2020,21
856,15,668.35,1/8/2019,4/20/2020,13
857,12,74.02,6/5/2019,11/30/2019,17
858,12,774.16,8/14/2019,8/9/2020,20
859,5,36.76,2/28/2019,4/26/2020,18
860,9,106.88,12/7/2018,10/21/2020,9
861,9,735.4,10/9/2019,6/1/2020,1
862,4,538.94,9/17/2019,4/2/2020,15
863,15,364.8,12/19/2018,6/29/2020,26
864,12,192.81,1/23/2019,4/15/2020,29
865,11,414.57,12/28/2018,2/20/2020,15
866,18,630.36,2/13/2019,3/15/2020,29
867,1,502.84,9/27/2019,9/18/2020,14
868,19,253.47,10/7/2019,1/14/2020,24
869,16,538.05,8/21/2019,3/8/2020,17
870,11,303.21,12/31/2018,12/6/2019,10
871,1,516.87,12/19/2018,12/13/2019,28
872,2,90.22,8/29/2019,8/12/2020,9
873,12,453.44,6/23/2019,12/16/2019,25
874,16,493.8,10/13/2019,6/18/2020,3
875,18,301.84,5/27/2019,5/14/2020,23
876,2,66.24,12/23/2018,6/16/2020,23
877,1,409.07,10/14/2019,3/19/2020,11
878,9,790.8,12/29/2018,9/30/2020,28
879,8,566.89,9/14/2019,2/11/2020,12
880,8,464.31,4/19/2019,3/8/2020,4
881,16,485.94,6/26/2019,2/10/2020,20
882,2,774.54,8/20/2019,1/1/2020,29
883,3,710.67,1/10/2019,1/7/2020,3
884,12,356.05,12/30/2018,4/20/2020,20
885,1,51.95,12/10/2018,11/3/2020,1
886,5,799.05,1/12/2019,1/29/2020,23
887,18,243.53,4/19/2019,1/26/2020,8
888,1,370.41,12/3/2018,7/13/2020,14
889,7,443.91,7/18/2019,12/1/2019,14
890,1,785.4,9/17/2019,1/4/2020,27
891,17,323.6,10/23/2019,7/20/2020,25
892,2,519.29,9/30/2019,7/5/2020,5
893,17,582.61,2/14/2019,7/24/2020,17
894,11,280.33,3/24/2019,8/10/2020,21
895,8,540.9,3/25/2019,10/11/2020,8
896,5,101.43,7/3/2019,7/26/2020,9
897,20,304.05,4/16/2019,12/14/2019,24
898,15,567.08,9/1/2019,7/18/2020,29
899,4,524.27,5/13/2019,10/12/2020,30
900,4,71.14,12/27/2018,4/3/2020,11
901,4,186.82,12/25/2018,12/12/2019,15
902,8,387.35,1/28/2019,2/21/2020,24
903,9,563.29,7/19/2019,1/30/2020,12
904,12,639.32,4/13/2019,8/9/2020,7
905,19,106.05,7/16/2019,2/19/2020,7
906,16,186.39,9/24/2019,10/3/2020,5
907,3,709.92,7/12/2019,3/26/2020,18
908,1,731.02,4/2/2019,12/6/2019,2
909,2,308.6,6/27/2019,10/25/2020,22
910,15,292.11,2/23/2019,2/7/2020,21
911,8,205.19,12/16/2018,11/4/2020,6
912,10,406.88,9/20/2019,1/7/2020,25
913,17,154.05,5/16/2019,8/24/2020,16
914,16,313.46,6/14/2019,2/19/2020,1
915,2,249.48,4/18/2019,8/17/2020,13
916,11,217.0,4/20/2019,5/10/2020,24
917,19,776.32,12/7/2018,12/8/2019,17
918,2,557.49,1/17/2019,9/7/2020,7
919,13,758.74,2/9/2019,5/8/2020,13
920,8,258.47,4/18/2019,11/3/2020,20
921,13,184.42,4/14/2019,5/11/2020,18
922,6,754.6,3/13/2019,1/13/2020,29
923,19,677.38,12/27/2018,7/29/2020,8
924,18,380.97,4/23/2019,11/18/2019,12
925,12,248.16,11/17/2018,6/3/2020,3
926,6,454.06,9/14/2019,4/3/2020,18
927,6,386.56,2/17/2019,12/15/2019,24
928,8,631.09,9/3/2019,10/1/2020,15
929,20,400.08,10/31/2019,5/8/2020,27
930,17,88.5,2/21/2019,8/1/2020,25
931,9,615.9,4/8/2019,4/9/2020,21
932,9,729.06,11/22/2018,1/29/2020,1
933,1,103.42,2/2/2019,5/28/2020,13
934,13,248.55,10/30/2019,10/17/2020,14
935,3,300.64,8/21/2019,11/19/2019,23
936,8,622.82,8/8/2019,12/27/2019,4
937,16,159.18,3/8/2019,6/28/2020,25
938,18,651.08,6/27/2019,9/17/2020,19
939,6,314.56,7/1/2019,10/28/2020,15
940,19,349.64,9/7/2019,5/31/2020,15
941,12,179.59,3/2/2019,8/18/2020,3
942,9,19.24,11/11/2019,4/30/2020,10
943,13,738.54,10/7/2019,9/26/2020,5
944,17,99.76,8/4/2019,9/6/2020,6
945,15,77.49,6/11/2019,8/27/2020,20
946,15,135.57,9/13/2019,12/29/2019,29
947,14,569.1,11/16/2018,12/26/2019,7
948,10,168.14,1/4/2019,7/30/2020,13
949,9,299.06,8/21/2019,7/25/2020,22
950,6,399.71,10/13/2019,7/23/2020,18
951,11,492.6,10/28/2019,5/15/2020,12
952,12,114.18,9/15/2019,9/13/2020,10
953,9,758.48,12/2/2018,5/11/2020,17
954,1,475.13,6/20/2019,5/1/2020,8
955,2,286.29,12/2/2018,1/28/2020,7
956,8,182.13,4/28/2019,6/15/2020,19
957,3,223.23,1/21/2019,12/9/2019,25
958,20,146.31,5/16/2019,1/11/2020,16
959,8,695.78,12/24/2018,7/23/2020,7
960,20,793.58,9/15/2019,12/31/2019,17
961,10,106.56,2/24/2019,7/3/2020,27
962,9,606.26,8/26/2019,3/30/2020,26
963,1,276.86,3/30/2019,7/15/2020,11
964,17,542.47,8/20/2019,7/27/2020,11
965,20,347.0,5/28/2019,8/7/2020,23
966,12,144.51,5/13/2019,10/29/2020,4
967,1,26.38,9/26/2019,12/8/2019,19
968,13,777.53,11/22/2018,5/11/2020,17
969,20,520.17,11/22/2018,12/18/2019,17
970,7,119.69,3/24/2019,4/21/2020,27
971,5,547.24,1/20/2019,11/19/2019,2
972,16,770.79,12/11/2018,1/11/2020,16
973,18,354.03,3/8/2019,12/19/2019,10
974,7,333.22,6/2/2019,11/12/2019,30
975,11,603.91,4/8/2019,6/25/2020,24
976,7,75.43,2/24/2019,7/29/2020,3
977,13,640.68,12/11/2018,1/1/2020,25
978,8,456.13,6/13/2019,1/10/2020,4
979,20,667.58,8/10/2019,8/16/2020,25
980,8,426.88,7/5/2019,1/2/2020,27
981,13,255.26,12/1/2018,9/28/2020,25
982,14,170.39,7/16/2019,11/4/2020,23
983,8,342.58,2/13/2019,9/10/2020,2
984,17,586.18,6/1/2019,12/5/2019,29
985,14,498.88,11/17/2018,2/3/2020,23
986,10,366.08,3/12/2019,1/18/2020,28
987,11,531.98,11/25/2018,5/20/2020,11
988,5,702.94,5/21/2019,10/18/2020,16
989,1,502.36,8/22/2019,5/5/2020,20
990,14,262.9,11/12/2018,9/18/2020,12
991,4,274.56,4/21/2019,7/25/2020,30
992,10,437.07,5/16/2019,5/24/2020,20
993,18,652.84,12/14/2018,1/5/2020,12
994,4,628.98,1/24/2019,11/26/2019,17
995,10,370.48,10/26/2019,7/19/2020,7
996,9,482.53,6/3/2019,10/14/2020,27
997,17,430.55,5/2/2019,8/6/2020,30
998,16,507.41,11/15/2018,6/28/2020,17
999,10,316.94,5/5/2019,3/2/2020,7
1000,12,347.26,3/12/2019,3/27/2020,16
